"Spatial_Unit","Time_Step","Decrease_Pixels","Increase_Pixels"
"Amnat Charoen",2015,0,0
"Amnat Charoen",2016,0,0
"Amnat Charoen",2017,0,0
"Amnat Charoen",2018,0,0
"Amnat Charoen",2019,0,0
"Amnat Charoen",2020,0,0
"Amnat Charoen",2021,0,0
"Amnat Charoen",2022,0,0
"Amnat Charoen",2023,0,0
"Amnat Charoen",2024,0,0
"Amnat Charoen",2025,0,0
"Ang Thong",2015,0,0
"Ang Thong",2016,0,0
"Ang Thong",2017,0,0
"Ang Thong",2018,0,0
"Ang Thong",2019,0,0
"Ang Thong",2020,0,0
"Ang Thong",2021,0,0
"Ang Thong",2022,0,0
"Ang Thong",2023,0,0
"Ang Thong",2024,0,0
"Ang Thong",2025,0,0
"Bangkok Metropolis",2015,0,0
"Bangkok Metropolis",2016,0,0
"Bangkok Metropolis",2017,0,0
"Bangkok Metropolis",2018,0,0
"Bangkok Metropolis",2019,0,0
"Bangkok Metropolis",2020,0,0
"Bangkok Metropolis",2021,0,0
"Bangkok Metropolis",2022,0,0
"Bangkok Metropolis",2023,0,0
"Bangkok Metropolis",2024,0,0
"Bangkok Metropolis",2025,0,0
"Bueng Kan",2015,0,0
"Bueng Kan",2016,0,0
"Bueng Kan",2017,0,0
"Bueng Kan",2018,0,0
"Bueng Kan",2019,0,0
"Bueng Kan",2020,0,0
"Bueng Kan",2021,0,0
"Bueng Kan",2022,0,0
"Bueng Kan",2023,0,0
"Bueng Kan",2024,0,0
"Bueng Kan",2025,0,0
"Buri Ram",2015,0,0
"Buri Ram",2016,0,0
"Buri Ram",2017,0,0
"Buri Ram",2018,0,0
"Buri Ram",2019,0,0
"Buri Ram",2020,0,0
"Buri Ram",2021,0,0
"Buri Ram",2022,0,0
"Buri Ram",2023,0,0
"Buri Ram",2024,0,0
"Buri Ram",2025,0,0
"Chachoengsao",2015,0,0
"Chachoengsao",2016,0,0
"Chachoengsao",2017,0,0
"Chachoengsao",2018,0,0
"Chachoengsao",2019,0,0
"Chachoengsao",2020,0,0
"Chachoengsao",2021,0,0
"Chachoengsao",2022,0,0
"Chachoengsao",2023,0,0
"Chachoengsao",2024,0,0
"Chachoengsao",2025,0,0
"Chai Nat",2015,0,0
"Chai Nat",2016,0,0
"Chai Nat",2017,0,0
"Chai Nat",2018,0,0
"Chai Nat",2019,0,0
"Chai Nat",2020,0,0
"Chai Nat",2021,0,0
"Chai Nat",2022,0,0
"Chai Nat",2023,0,0
"Chai Nat",2024,0,0
"Chai Nat",2025,0,0
"Chaiyaphum",2015,0,0
"Chaiyaphum",2016,0,0
"Chaiyaphum",2017,0,0
"Chaiyaphum",2018,0,0
"Chaiyaphum",2019,0,0
"Chaiyaphum",2020,0,0
"Chaiyaphum",2021,0,0
"Chaiyaphum",2022,0,0
"Chaiyaphum",2023,0,0
"Chaiyaphum",2024,0,0
"Chaiyaphum",2025,0,0
"Chanthaburi",2015,0,0
"Chanthaburi",2016,0,0
"Chanthaburi",2017,0,0
"Chanthaburi",2018,0,0
"Chanthaburi",2019,0,0
"Chanthaburi",2020,0,0
"Chanthaburi",2021,0,0
"Chanthaburi",2022,0,0
"Chanthaburi",2023,0,0
"Chanthaburi",2024,0,0
"Chanthaburi",2025,0,0
"Chiang Mai",2015,0,0
"Chiang Mai",2016,0,0
"Chiang Mai",2017,0,0
"Chiang Mai",2018,0,0
"Chiang Mai",2019,0,0
"Chiang Mai",2020,0,0
"Chiang Mai",2021,0,0
"Chiang Mai",2022,0,0
"Chiang Mai",2023,0,0
"Chiang Mai",2024,0,0
"Chiang Mai",2025,0,0
"Chiang Rai",2015,0,0
"Chiang Rai",2016,0,0
"Chiang Rai",2017,0,0
"Chiang Rai",2018,0,0
"Chiang Rai",2019,0,0
"Chiang Rai",2020,0,0
"Chiang Rai",2021,0,0
"Chiang Rai",2022,0,0
"Chiang Rai",2023,0,0
"Chiang Rai",2024,0,0
"Chiang Rai",2025,0,0
"Chon Buri",2015,0,0
"Chon Buri",2016,0,0
"Chon Buri",2017,0,0
"Chon Buri",2018,0,0
"Chon Buri",2019,0,0
"Chon Buri",2020,0,0
"Chon Buri",2021,0,0
"Chon Buri",2022,0,0
"Chon Buri",2023,0,0
"Chon Buri",2024,0,0
"Chon Buri",2025,0,0
"Chumphon",2015,0,0
"Chumphon",2016,0,0
"Chumphon",2017,0,0
"Chumphon",2018,0,0
"Chumphon",2019,0,0
"Chumphon",2020,0,0
"Chumphon",2021,0,0
"Chumphon",2022,0,0
"Chumphon",2023,0,0
"Chumphon",2024,0,0
"Chumphon",2025,0,0
"Kalasin",2015,0,0
"Kalasin",2016,0,0
"Kalasin",2017,0,0
"Kalasin",2018,0,0
"Kalasin",2019,0,0
"Kalasin",2020,0,0
"Kalasin",2021,0,0
"Kalasin",2022,0,0
"Kalasin",2023,0,0
"Kalasin",2024,0,0
"Kalasin",2025,0,0
"Kamphaeng Phet",2015,0,0
"Kamphaeng Phet",2016,0,0
"Kamphaeng Phet",2017,0,0
"Kamphaeng Phet",2018,0,0
"Kamphaeng Phet",2019,0,0
"Kamphaeng Phet",2020,0,0
"Kamphaeng Phet",2021,0,0
"Kamphaeng Phet",2022,0,0
"Kamphaeng Phet",2023,0,0
"Kamphaeng Phet",2024,0,0
"Kamphaeng Phet",2025,0,0
"Kanchanaburi",2015,0,0
"Kanchanaburi",2016,0,0
"Kanchanaburi",2017,0,0
"Kanchanaburi",2018,0,0
"Kanchanaburi",2019,0,0
"Kanchanaburi",2020,0,0
"Kanchanaburi",2021,0,0
"Kanchanaburi",2022,0,0
"Kanchanaburi",2023,0,0
"Kanchanaburi",2024,0,0
"Kanchanaburi",2025,0,0
"Khon Kaen",2015,0,0
"Khon Kaen",2016,0,0
"Khon Kaen",2017,0,0
"Khon Kaen",2018,0,0
"Khon Kaen",2019,0,0
"Khon Kaen",2020,0,0
"Khon Kaen",2021,0,0
"Khon Kaen",2022,0,0
"Khon Kaen",2023,0,0
"Khon Kaen",2024,0,0
"Khon Kaen",2025,0,0
"Krabi",2015,0,0
"Krabi",2016,0,0
"Krabi",2017,0,0
"Krabi",2018,0,0
"Krabi",2019,0,0
"Krabi",2020,0,0
"Krabi",2021,0,0
"Krabi",2022,0,0
"Krabi",2023,0,0
"Krabi",2024,0,0
"Krabi",2025,0,0
"Lampang",2015,0,0
"Lampang",2016,0,0
"Lampang",2017,0,0
"Lampang",2018,0,0
"Lampang",2019,0,0
"Lampang",2020,0,0
"Lampang",2021,0,0
"Lampang",2022,0,0
"Lampang",2023,0,0
"Lampang",2024,0,0
"Lampang",2025,0,0
"Lamphun",2015,0,0
"Lamphun",2016,0,0
"Lamphun",2017,0,0
"Lamphun",2018,0,0
"Lamphun",2019,0,0
"Lamphun",2020,0,0
"Lamphun",2021,0,0
"Lamphun",2022,0,0
"Lamphun",2023,0,0
"Lamphun",2024,0,0
"Lamphun",2025,0,0
"Loei",2015,0,0
"Loei",2016,0,0
"Loei",2017,0,0
"Loei",2018,0,0
"Loei",2019,0,0
"Loei",2020,0,0
"Loei",2021,0,0
"Loei",2022,0,0
"Loei",2023,0,0
"Loei",2024,0,0
"Loei",2025,0,0
"Lop Buri",2015,0,0
"Lop Buri",2016,0,0
"Lop Buri",2017,0,0
"Lop Buri",2018,0,0
"Lop Buri",2019,0,0
"Lop Buri",2020,0,0
"Lop Buri",2021,0,0
"Lop Buri",2022,0,0
"Lop Buri",2023,0,0
"Lop Buri",2024,0,0
"Lop Buri",2025,0,0
"Mae Hong Son",2015,0,0
"Mae Hong Son",2016,0,0
"Mae Hong Son",2017,0,0
"Mae Hong Son",2018,0,0
"Mae Hong Son",2019,0,0
"Mae Hong Son",2020,0,0
"Mae Hong Son",2021,0,0
"Mae Hong Son",2022,0,0
"Mae Hong Son",2023,0,0
"Mae Hong Son",2024,0,0
"Mae Hong Son",2025,0,0
"Maha Sarakham",2015,0,0
"Maha Sarakham",2016,0,0
"Maha Sarakham",2017,0,0
"Maha Sarakham",2018,0,0
"Maha Sarakham",2019,0,0
"Maha Sarakham",2020,0,0
"Maha Sarakham",2021,0,0
"Maha Sarakham",2022,0,0
"Maha Sarakham",2023,0,0
"Maha Sarakham",2024,0,0
"Maha Sarakham",2025,0,0
"Mukdahan",2015,0,0
"Mukdahan",2016,0,0
"Mukdahan",2017,0,0
"Mukdahan",2018,0,0
"Mukdahan",2019,0,0
"Mukdahan",2020,0,0
"Mukdahan",2021,0,0
"Mukdahan",2022,0,0
"Mukdahan",2023,0,0
"Mukdahan",2024,0,0
"Mukdahan",2025,0,0
"Nakhon Nayok",2015,0,0
"Nakhon Nayok",2016,0,0
"Nakhon Nayok",2017,0,0
"Nakhon Nayok",2018,0,0
"Nakhon Nayok",2019,0,0
"Nakhon Nayok",2020,0,0
"Nakhon Nayok",2021,0,0
"Nakhon Nayok",2022,0,0
"Nakhon Nayok",2023,0,0
"Nakhon Nayok",2024,0,0
"Nakhon Nayok",2025,0,0
"Nakhon Pathom",2015,0,0
"Nakhon Pathom",2016,0,0
"Nakhon Pathom",2017,0,0
"Nakhon Pathom",2018,0,0
"Nakhon Pathom",2019,0,0
"Nakhon Pathom",2020,0,0
"Nakhon Pathom",2021,0,0
"Nakhon Pathom",2022,0,0
"Nakhon Pathom",2023,0,0
"Nakhon Pathom",2024,0,0
"Nakhon Pathom",2025,0,0
"Nakhon Phanom",2015,0,0
"Nakhon Phanom",2016,0,0
"Nakhon Phanom",2017,0,0
"Nakhon Phanom",2018,0,0
"Nakhon Phanom",2019,0,0
"Nakhon Phanom",2020,0,0
"Nakhon Phanom",2021,0,0
"Nakhon Phanom",2022,0,0
"Nakhon Phanom",2023,0,0
"Nakhon Phanom",2024,0,0
"Nakhon Phanom",2025,0,0
"Nakhon Ratchasima",2015,0,0
"Nakhon Ratchasima",2016,0,0
"Nakhon Ratchasima",2017,0,0
"Nakhon Ratchasima",2018,0,0
"Nakhon Ratchasima",2019,0,0
"Nakhon Ratchasima",2020,0,0
"Nakhon Ratchasima",2021,0,0
"Nakhon Ratchasima",2022,0,0
"Nakhon Ratchasima",2023,0,0
"Nakhon Ratchasima",2024,0,0
"Nakhon Ratchasima",2025,0,0
"Nakhon Sawan",2015,0,0
"Nakhon Sawan",2016,0,0
"Nakhon Sawan",2017,0,0
"Nakhon Sawan",2018,0,0
"Nakhon Sawan",2019,0,0
"Nakhon Sawan",2020,0,0
"Nakhon Sawan",2021,0,0
"Nakhon Sawan",2022,0,0
"Nakhon Sawan",2023,0,0
"Nakhon Sawan",2024,0,0
"Nakhon Sawan",2025,0,0
"Nakhon Si Thammarat",2015,0,0
"Nakhon Si Thammarat",2016,0,0
"Nakhon Si Thammarat",2017,0,0
"Nakhon Si Thammarat",2018,0,0
"Nakhon Si Thammarat",2019,0,0
"Nakhon Si Thammarat",2020,0,0
"Nakhon Si Thammarat",2021,0,0
"Nakhon Si Thammarat",2022,0,0
"Nakhon Si Thammarat",2023,0,0
"Nakhon Si Thammarat",2024,0,0
"Nakhon Si Thammarat",2025,0,0
"Nan",2015,0,0
"Nan",2016,0,0
"Nan",2017,0,0
"Nan",2018,0,0
"Nan",2019,0,0
"Nan",2020,0,0
"Nan",2021,0,0
"Nan",2022,0,0
"Nan",2023,0,0
"Nan",2024,0,0
"Nan",2025,0,0
"Narathiwat",2015,0,0
"Narathiwat",2016,0,0
"Narathiwat",2017,0,0
"Narathiwat",2018,0,0
"Narathiwat",2019,0,0
"Narathiwat",2020,0,0
"Narathiwat",2021,0,0
"Narathiwat",2022,0,0
"Narathiwat",2023,0,0
"Narathiwat",2024,0,0
"Narathiwat",2025,0,0
"Nong Bua Lam Phu",2015,0,0
"Nong Bua Lam Phu",2016,0,0
"Nong Bua Lam Phu",2017,0,0
"Nong Bua Lam Phu",2018,0,0
"Nong Bua Lam Phu",2019,0,0
"Nong Bua Lam Phu",2020,0,0
"Nong Bua Lam Phu",2021,0,0
"Nong Bua Lam Phu",2022,0,0
"Nong Bua Lam Phu",2023,0,0
"Nong Bua Lam Phu",2024,0,0
"Nong Bua Lam Phu",2025,0,0
"Nong Khai",2015,0,0
"Nong Khai",2016,0,0
"Nong Khai",2017,0,0
"Nong Khai",2018,0,0
"Nong Khai",2019,0,0
"Nong Khai",2020,0,0
"Nong Khai",2021,0,0
"Nong Khai",2022,0,0
"Nong Khai",2023,0,0
"Nong Khai",2024,0,0
"Nong Khai",2025,0,0
"Nonthaburi",2015,0,0
"Nonthaburi",2016,0,0
"Nonthaburi",2017,0,0
"Nonthaburi",2018,0,0
"Nonthaburi",2019,0,0
"Nonthaburi",2020,0,0
"Nonthaburi",2021,0,0
"Nonthaburi",2022,0,0
"Nonthaburi",2023,0,0
"Nonthaburi",2024,0,0
"Nonthaburi",2025,0,0
"Pathum Thani",2015,0,0
"Pathum Thani",2016,0,0
"Pathum Thani",2017,0,0
"Pathum Thani",2018,0,0
"Pathum Thani",2019,0,0
"Pathum Thani",2020,0,0
"Pathum Thani",2021,0,0
"Pathum Thani",2022,0,0
"Pathum Thani",2023,0,0
"Pathum Thani",2024,0,0
"Pathum Thani",2025,0,0
"Pattani",2015,0,0
"Pattani",2016,0,0
"Pattani",2017,0,0
"Pattani",2018,0,0
"Pattani",2019,0,0
"Pattani",2020,0,0
"Pattani",2021,0,0
"Pattani",2022,0,0
"Pattani",2023,0,0
"Pattani",2024,0,0
"Pattani",2025,0,0
"Phangnga",2015,0,0
"Phangnga",2016,0,0
"Phangnga",2017,0,0
"Phangnga",2018,0,0
"Phangnga",2019,0,0
"Phangnga",2020,0,0
"Phangnga",2021,0,0
"Phangnga",2022,0,0
"Phangnga",2023,0,0
"Phangnga",2024,0,0
"Phangnga",2025,0,0
"Phatthalung",2015,0,0
"Phatthalung",2016,0,0
"Phatthalung",2017,0,0
"Phatthalung",2018,0,0
"Phatthalung",2019,0,0
"Phatthalung",2020,0,0
"Phatthalung",2021,0,0
"Phatthalung",2022,0,0
"Phatthalung",2023,0,0
"Phatthalung",2024,0,0
"Phatthalung",2025,0,0
"Phayao",2015,0,0
"Phayao",2016,0,0
"Phayao",2017,0,0
"Phayao",2018,0,0
"Phayao",2019,0,0
"Phayao",2020,0,0
"Phayao",2021,0,0
"Phayao",2022,0,0
"Phayao",2023,0,0
"Phayao",2024,0,0
"Phayao",2025,0,0
"Phetchabun",2015,0,0
"Phetchabun",2016,0,0
"Phetchabun",2017,0,0
"Phetchabun",2018,0,0
"Phetchabun",2019,0,0
"Phetchabun",2020,0,0
"Phetchabun",2021,0,0
"Phetchabun",2022,0,0
"Phetchabun",2023,0,0
"Phetchabun",2024,0,0
"Phetchabun",2025,0,0
"Phetchaburi",2015,0,0
"Phetchaburi",2016,0,0
"Phetchaburi",2017,0,0
"Phetchaburi",2018,0,0
"Phetchaburi",2019,0,0
"Phetchaburi",2020,0,0
"Phetchaburi",2021,0,0
"Phetchaburi",2022,0,0
"Phetchaburi",2023,0,0
"Phetchaburi",2024,0,0
"Phetchaburi",2025,0,0
"Phichit",2015,0,0
"Phichit",2016,0,0
"Phichit",2017,0,0
"Phichit",2018,0,0
"Phichit",2019,0,0
"Phichit",2020,0,0
"Phichit",2021,0,0
"Phichit",2022,0,0
"Phichit",2023,0,0
"Phichit",2024,0,0
"Phichit",2025,0,0
"Phitsanulok",2015,0,0
"Phitsanulok",2016,0,0
"Phitsanulok",2017,0,0
"Phitsanulok",2018,0,0
"Phitsanulok",2019,0,0
"Phitsanulok",2020,0,0
"Phitsanulok",2021,0,0
"Phitsanulok",2022,0,0
"Phitsanulok",2023,0,0
"Phitsanulok",2024,0,0
"Phitsanulok",2025,0,0
"Phra Nakhon Si Ayutthaya",2015,0,0
"Phra Nakhon Si Ayutthaya",2016,0,0
"Phra Nakhon Si Ayutthaya",2017,0,0
"Phra Nakhon Si Ayutthaya",2018,0,0
"Phra Nakhon Si Ayutthaya",2019,0,0
"Phra Nakhon Si Ayutthaya",2020,0,0
"Phra Nakhon Si Ayutthaya",2021,0,0
"Phra Nakhon Si Ayutthaya",2022,0,0
"Phra Nakhon Si Ayutthaya",2023,0,0
"Phra Nakhon Si Ayutthaya",2024,0,0
"Phra Nakhon Si Ayutthaya",2025,0,0
"Phrae",2015,0,0
"Phrae",2016,0,0
"Phrae",2017,0,0
"Phrae",2018,0,0
"Phrae",2019,0,0
"Phrae",2020,0,0
"Phrae",2021,0,0
"Phrae",2022,0,0
"Phrae",2023,0,0
"Phrae",2024,0,0
"Phrae",2025,0,0
"Phuket",2015,0,0
"Phuket",2016,0,0
"Phuket",2017,0,0
"Phuket",2018,0,0
"Phuket",2019,0,0
"Phuket",2020,0,0
"Phuket",2021,0,0
"Phuket",2022,0,0
"Phuket",2023,0,0
"Phuket",2024,0,0
"Phuket",2025,0,0
"Prachin Buri",2015,0,0
"Prachin Buri",2016,0,0
"Prachin Buri",2017,0,0
"Prachin Buri",2018,0,0
"Prachin Buri",2019,0,0
"Prachin Buri",2020,0,0
"Prachin Buri",2021,0,0
"Prachin Buri",2022,0,0
"Prachin Buri",2023,0,0
"Prachin Buri",2024,0,0
"Prachin Buri",2025,0,0
"Prachuap Khiri Khan",2015,0,0
"Prachuap Khiri Khan",2016,0,0
"Prachuap Khiri Khan",2017,0,0
"Prachuap Khiri Khan",2018,0,0
"Prachuap Khiri Khan",2019,0,0
"Prachuap Khiri Khan",2020,0,0
"Prachuap Khiri Khan",2021,0,0
"Prachuap Khiri Khan",2022,0,0
"Prachuap Khiri Khan",2023,0,0
"Prachuap Khiri Khan",2024,0,0
"Prachuap Khiri Khan",2025,0,0
"Ranong",2015,0,0
"Ranong",2016,0,0
"Ranong",2017,0,0
"Ranong",2018,0,0
"Ranong",2019,0,0
"Ranong",2020,0,0
"Ranong",2021,0,0
"Ranong",2022,0,0
"Ranong",2023,0,0
"Ranong",2024,0,0
"Ranong",2025,0,0
"Ratchaburi",2015,0,0
"Ratchaburi",2016,0,0
"Ratchaburi",2017,0,0
"Ratchaburi",2018,0,0
"Ratchaburi",2019,0,0
"Ratchaburi",2020,0,0
"Ratchaburi",2021,0,0
"Ratchaburi",2022,0,0
"Ratchaburi",2023,0,0
"Ratchaburi",2024,0,0
"Ratchaburi",2025,0,0
"Rayong",2015,0,0
"Rayong",2016,0,0
"Rayong",2017,0,0
"Rayong",2018,0,0
"Rayong",2019,0,0
"Rayong",2020,0,0
"Rayong",2021,0,0
"Rayong",2022,0,0
"Rayong",2023,0,0
"Rayong",2024,0,0
"Rayong",2025,0,0
"Roi Et",2015,0,0
"Roi Et",2016,0,0
"Roi Et",2017,0,0
"Roi Et",2018,0,0
"Roi Et",2019,0,0
"Roi Et",2020,0,0
"Roi Et",2021,0,0
"Roi Et",2022,0,0
"Roi Et",2023,0,0
"Roi Et",2024,0,0
"Roi Et",2025,0,0
"Sa Kaeo",2015,0,0
"Sa Kaeo",2016,0,0
"Sa Kaeo",2017,0,0
"Sa Kaeo",2018,0,0
"Sa Kaeo",2019,0,0
"Sa Kaeo",2020,0,0
"Sa Kaeo",2021,0,0
"Sa Kaeo",2022,0,0
"Sa Kaeo",2023,0,0
"Sa Kaeo",2024,0,0
"Sa Kaeo",2025,0,0
"Sakon Nakhon",2015,0,0
"Sakon Nakhon",2016,0,0
"Sakon Nakhon",2017,0,0
"Sakon Nakhon",2018,0,0
"Sakon Nakhon",2019,0,0
"Sakon Nakhon",2020,0,0
"Sakon Nakhon",2021,0,0
"Sakon Nakhon",2022,0,0
"Sakon Nakhon",2023,0,0
"Sakon Nakhon",2024,0,0
"Sakon Nakhon",2025,0,0
"Samut Prakan",2015,0,0
"Samut Prakan",2016,0,0
"Samut Prakan",2017,0,0
"Samut Prakan",2018,0,0
"Samut Prakan",2019,0,0
"Samut Prakan",2020,0,0
"Samut Prakan",2021,0,0
"Samut Prakan",2022,0,0
"Samut Prakan",2023,0,0
"Samut Prakan",2024,0,0
"Samut Prakan",2025,0,0
"Samut Sakhon",2015,0,0
"Samut Sakhon",2016,0,0
"Samut Sakhon",2017,0,0
"Samut Sakhon",2018,0,0
"Samut Sakhon",2019,0,0
"Samut Sakhon",2020,0,0
"Samut Sakhon",2021,0,0
"Samut Sakhon",2022,0,0
"Samut Sakhon",2023,0,0
"Samut Sakhon",2024,0,0
"Samut Sakhon",2025,0,0
"Samut Songkhram",2015,0,0
"Samut Songkhram",2016,0,0
"Samut Songkhram",2017,0,0
"Samut Songkhram",2018,0,0
"Samut Songkhram",2019,0,0
"Samut Songkhram",2020,0,0
"Samut Songkhram",2021,0,0
"Samut Songkhram",2022,0,0
"Samut Songkhram",2023,0,0
"Samut Songkhram",2024,0,0
"Samut Songkhram",2025,0,0
"Saraburi",2015,0,0
"Saraburi",2016,0,0
"Saraburi",2017,0,0
"Saraburi",2018,0,0
"Saraburi",2019,0,0
"Saraburi",2020,0,0
"Saraburi",2021,0,0
"Saraburi",2022,0,0
"Saraburi",2023,0,0
"Saraburi",2024,0,0
"Saraburi",2025,0,0
"Satun",2015,0,0
"Satun",2016,0,0
"Satun",2017,0,0
"Satun",2018,0,0
"Satun",2019,0,0
"Satun",2020,0,0
"Satun",2021,0,0
"Satun",2022,0,0
"Satun",2023,0,0
"Satun",2024,0,0
"Satun",2025,0,0
"Si Sa Ket",2015,0,0
"Si Sa Ket",2016,0,0
"Si Sa Ket",2017,0,0
"Si Sa Ket",2018,0,0
"Si Sa Ket",2019,0,0
"Si Sa Ket",2020,0,0
"Si Sa Ket",2021,0,0
"Si Sa Ket",2022,0,0
"Si Sa Ket",2023,0,0
"Si Sa Ket",2024,0,0
"Si Sa Ket",2025,0,0
"Sing Buri",2015,0,0
"Sing Buri",2016,0,0
"Sing Buri",2017,0,0
"Sing Buri",2018,0,0
"Sing Buri",2019,0,0
"Sing Buri",2020,0,0
"Sing Buri",2021,0,0
"Sing Buri",2022,0,0
"Sing Buri",2023,0,0
"Sing Buri",2024,0,0
"Sing Buri",2025,0,0
"Songkhla",2015,0,0
"Songkhla",2016,0,0
"Songkhla",2017,0,0
"Songkhla",2018,0,0
"Songkhla",2019,0,0
"Songkhla",2020,0,0
"Songkhla",2021,0,0
"Songkhla",2022,0,0
"Songkhla",2023,0,0
"Songkhla",2024,0,0
"Songkhla",2025,0,0
"Sukhothai",2015,0,0
"Sukhothai",2016,0,0
"Sukhothai",2017,0,0
"Sukhothai",2018,0,0
"Sukhothai",2019,0,0
"Sukhothai",2020,0,0
"Sukhothai",2021,0,0
"Sukhothai",2022,0,0
"Sukhothai",2023,0,0
"Sukhothai",2024,0,0
"Sukhothai",2025,0,0
"Suphan Buri",2015,0,0
"Suphan Buri",2016,0,0
"Suphan Buri",2017,0,0
"Suphan Buri",2018,0,0
"Suphan Buri",2019,0,0
"Suphan Buri",2020,0,0
"Suphan Buri",2021,0,0
"Suphan Buri",2022,0,0
"Suphan Buri",2023,0,0
"Suphan Buri",2024,0,0
"Suphan Buri",2025,0,0
"Surat Thani",2015,0,0
"Surat Thani",2016,0,0
"Surat Thani",2017,0,0
"Surat Thani",2018,0,0
"Surat Thani",2019,0,0
"Surat Thani",2020,0,0
"Surat Thani",2021,0,0
"Surat Thani",2022,0,0
"Surat Thani",2023,0,0
"Surat Thani",2024,0,0
"Surat Thani",2025,0,0
"Surin",2015,0,0
"Surin",2016,0,0
"Surin",2017,0,0
"Surin",2018,0,0
"Surin",2019,0,0
"Surin",2020,0,0
"Surin",2021,0,0
"Surin",2022,0,0
"Surin",2023,0,0
"Surin",2024,0,0
"Surin",2025,0,0
"Tak",2015,0,0
"Tak",2016,0,0
"Tak",2017,0,0
"Tak",2018,0,0
"Tak",2019,0,0
"Tak",2020,0,0
"Tak",2021,0,0
"Tak",2022,0,0
"Tak",2023,0,0
"Tak",2024,0,0
"Tak",2025,0,0
"Trang",2015,0,0
"Trang",2016,0,0
"Trang",2017,0,0
"Trang",2018,0,0
"Trang",2019,0,0
"Trang",2020,0,0
"Trang",2021,0,0
"Trang",2022,0,0
"Trang",2023,0,0
"Trang",2024,0,0
"Trang",2025,0,0
"Trat",2015,0,0
"Trat",2016,0,0
"Trat",2017,0,0
"Trat",2018,0,0
"Trat",2019,0,0
"Trat",2020,0,0
"Trat",2021,0,0
"Trat",2022,0,0
"Trat",2023,0,0
"Trat",2024,0,0
"Trat",2025,0,0
"Ubon Ratchathani",2015,0,0
"Ubon Ratchathani",2016,0,0
"Ubon Ratchathani",2017,0,0
"Ubon Ratchathani",2018,0,0
"Ubon Ratchathani",2019,0,0
"Ubon Ratchathani",2020,0,0
"Ubon Ratchathani",2021,0,0
"Ubon Ratchathani",2022,0,0
"Ubon Ratchathani",2023,0,0
"Ubon Ratchathani",2024,0,0
"Ubon Ratchathani",2025,0,0
"Udon Thani",2015,0,0
"Udon Thani",2016,0,0
"Udon Thani",2017,0,0
"Udon Thani",2018,0,0
"Udon Thani",2019,0,0
"Udon Thani",2020,0,0
"Udon Thani",2021,0,0
"Udon Thani",2022,0,0
"Udon Thani",2023,0,0
"Udon Thani",2024,0,0
"Udon Thani",2025,0,0
"Uthai Thani",2015,0,0
"Uthai Thani",2016,0,0
"Uthai Thani",2017,0,0
"Uthai Thani",2018,0,0
"Uthai Thani",2019,0,0
"Uthai Thani",2020,0,0
"Uthai Thani",2021,0,0
"Uthai Thani",2022,0,0
"Uthai Thani",2023,0,0
"Uthai Thani",2024,0,0
"Uthai Thani",2025,0,0
"Uttaradit",2015,0,0
"Uttaradit",2016,0,0
"Uttaradit",2017,0,0
"Uttaradit",2018,0,0
"Uttaradit",2019,0,0
"Uttaradit",2020,0,0
"Uttaradit",2021,0,0
"Uttaradit",2022,0,0
"Uttaradit",2023,0,0
"Uttaradit",2024,0,0
"Uttaradit",2025,0,0
"Yala",2015,0,0
"Yala",2016,0,0
"Yala",2017,0,0
"Yala",2018,0,0
"Yala",2019,0,0
"Yala",2020,0,0
"Yala",2021,0,0
"Yala",2022,0,0
"Yala",2023,0,0
"Yala",2024,0,0
"Yala",2025,0,0
"Yasothon",2015,0,0
"Yasothon",2016,0,0
"Yasothon",2017,0,0
"Yasothon",2018,0,0
"Yasothon",2019,0,0
"Yasothon",2020,0,0
"Yasothon",2021,0,0
"Yasothon",2022,0,0
"Yasothon",2023,0,0
"Yasothon",2024,0,0
"Yasothon",2025,0,0
